,identifier,link,label,description,alias,instance of,instance of - notes,honorific prefix,honorific prefix - notes,family name,family name - notes,given name,given name - notes,honorific suffix,honorific suffix - notes,pseudonym,pseudonym - notes,nickname,nickname - notes,date of birth,date of birth - notes,place of birth,place of birth - notes,date of death,date of death - notes,place of death,place of death - notes,place of burial,place of burial - notes,sex or gender,sex or gender - notes,ethnic group,ethnic group - notes,country of citizenship,country of citizenship - notes,languages,languages - notes,occupation,occupation - notes,field of work,field of work - notes,educated at,educated at - notes,residence,residence - notes,notable work,notable work - notes,award received,award received - notes,member of,member of - notes,position held,position held - notes,affiliation,affiliation - notes,archives at,archives at - notes,oral history at,oral history at - notes,field of training,field of training - notes,influenced by,influenced by - notes,described by source,described by source - notes,on wikimedia project,on wikimedia project - notes,commons gallery,commons gallery - notes,contributor to work,contributor to work - notes,spouse,spouse - notes,child,child - notes,mother,mother - notes,father,father - notes,sibling,sibling - notes
0,Q257911,https://www.wikidata.org/entity/Q257911,Phillis Wheatley,first African-American poet,Phillis Wheatley Peters|Phillis Peters|Philis Wheatley|Phillis Wheatley,human,"statement 1, reference 1
stated in: BnF authorities
Bibliothèque nationale de France ID: 12053139h
retrieved: 2015-10-10
-----------------------------
statement 1, reference 2
stated in: LIBRIS
Libris-URI: gdsw2z60073wctc
publication date: 2012-01-31
retrieved: 2018-08-24
-----------------------------",,,Wheatley,"statement 1, reference 1
stated in: Encyclopædia Britannica Online
Encyclopædia Britannica Online ID: biography/Phillis-Wheatley
retrieved: 2021-04-15
-----------------------------
statement 1, reference 2
stated in: Library of Congress Name Authority File
Library of Congress authority ID: n50016726
retrieved: 2021-04-15
-----------------------------",Phillis,"statement 1, reference 1
stated in: Encyclopædia Britannica Online
Encyclopædia Britannica Online ID: biography/Phillis-Wheatley
retrieved: 2021-04-15
-----------------------------
statement 1, reference 2
stated in: Library of Congress Name Authority File
Library of Congress authority ID: n50016726
retrieved: 2021-04-15
-----------------------------",,,,,,,1753-05-08,"statement 1, reference 1
stated in: SNAC
SNAC ARK ID: w6998x2t
subject named as: Phillis Wheatley
retrieved: 2021-04-15
-----------------------------
statement 1, reference 2
stated in: Dictionary of African Biography
reference URL: https://www.oxfordreference.com/view/10.1093/acref/9780195382075.001.0001/acref-9780195382075-e-2131
retrieved: 2021-04-15
-----------------------------
statement 1, reference 3
reference URL: https://npg.si.edu/object/npg_NPG.77.2
National Portrait Gallery (United States) object ID: NPG.77.2
retrieved: 2021-04-15
-----------------------------
statement 1, reference 4
stated in: Encyclopædia Britannica Online
Encyclopædia Britannica Online ID: biography/Phillis-Wheatley
retrieved: 2021-04-15
-----------------------------
statement 1, reference 5
reference URL: http://www.masshist.org/endofslavery/index.php?id=57
title: African Americans and the End of Slavery in Massachusetts
publisher: Massachusetts Historical Society
retrieved: 2021-04-15
-----------------------------
statement 1, qualifier 1
sourcing circumstances: circa
-----------------------------",Senegal|Senegambia,"statement 1, reference 1
imported from Wikimedia project: Arabic Wikipedia
-----------------------------
statement 2, reference 1
imported from Wikimedia project: English Wikipedia
Wikimedia import URL: https://en.wikipedia.org/w/index.php?title=Phillis_Wheatley&oldid=1016914075
-----------------------------
statement 2, reference 2
stated in: Dictionary of African Biography
reference URL: https://www.oxfordreference.com/view/10.1093/acref/9780195382075.001.0001/acref-9780195382075-e-2131
quotation: probably born along the Gambia River ... Her mother and father were almost certainly of the Fulani peoples of West Africa
retrieved: 2021-04-15
-----------------------------
statement 2, reference 3
reference URL: https://npg.si.edu/object/npg_NPG.77.2
National Portrait Gallery (United States) object ID: NPG.77.2
quotation: Born The Gambia, Africa
retrieved: 2021-04-15
-----------------------------
statement 2, reference 4
stated in: BnF authorities
Bibliothèque nationale de France ID: 12053139h
quotation: comme esclave en 1761en provenance de la Sénégambie (Afrique de l'ouest)
retrieved: 2021-04-15
-----------------------------
statement 2, reference 5
reference URL: https://www.abolitionseminar.org/documents/image-from-the-collections-of-the-massachusetts-historical-society-2/
quotation: kidnapped in West Africa
retrieved: 2021-04-15
-----------------------------
statement 2, reference 6
stated in: Encyclopædia Britannica Online
Encyclopædia Britannica Online ID: biography/Phillis-Wheatley
quotation: present-day Senegal?, West Africa
retrieved: 2021-04-15
-----------------------------
statement 2, reference 7
stated in: Library of Congress Name Authority File
Library of Congress authority ID: n50016726
quotation: Africa, West
retrieved: 2021-04-15
-----------------------------
statement 2, reference 8
reference URL: http://www.masshist.org/endofslavery/index.php?id=57
title: African Americans and the End of Slavery in Massachusetts
publisher: Massachusetts Historical Society
quotation: Born in West Africa
retrieved: 2021-04-15
-----------------------------",1784-12-05,"statement 1, reference 1
stated in: BnF authorities
retrieved: 2015-10-10
Bibliothèque nationale de France ID: 12053139h
-----------------------------
statement 1, reference 2
stated in: Encyclopædia Britannica Online
Encyclopædia Britannica Online ID: biography/Phillis-Wheatley
retrieved: 2021-04-15
-----------------------------
statement 1, reference 3
stated in: SNAC
SNAC ARK ID: w6998x2t
subject named as: Phillis Wheatley
retrieved: 2021-04-15
-----------------------------
statement 1, reference 4
reference URL: https://npg.si.edu/object/npg_NPG.77.2
National Portrait Gallery (United States) object ID: NPG.77.2
retrieved: 2021-04-15
-----------------------------",Boston,"statement 1, reference 1
stated in: Encyclopædia Britannica Online
Encyclopædia Britannica Online ID: biography/Phillis-Wheatley
retrieved: 2021-04-15
-----------------------------
statement 1, reference 2
stated in: Library of Congress Name Authority File
Library of Congress authority ID: n50016726
retrieved: 2021-04-15
-----------------------------",Copp's Hill Burying Ground,"statement 1, qualifier 1
located in the administrative territorial entity: Boston
-----------------------------",female,"statement 1, reference 1
stated in: BnF authorities
Bibliothèque nationale de France ID: 12053139h
retrieved: 2015-10-10
-----------------------------
statement 1, reference 2
stated in: Dictionary of African Biography
-----------------------------
statement 1, reference 3
stated in: Encyclopedia of African American Women Writers
-----------------------------
statement 1, reference 4
stated in: Library of Congress Name Authority File
Library of Congress authority ID: n50016726
retrieved: 2021-04-15
-----------------------------",African Americans,"statement 1, reference 1
stated in: Encyclopedia of African American Women Writers
-----------------------------
statement 1, reference 2
stated in: Notable Black American Women
-----------------------------
statement 1, reference 3
stated in: Encyclopædia Britannica Online
Encyclopædia Britannica Online ID: biography/Phillis-Wheatley
retrieved: 2021-04-15
-----------------------------
statement 1, reference 4
stated in: Library of Congress Name Authority File
Library of Congress authority ID: n50016726
retrieved: 2021-04-15
-----------------------------
statement 1, reference 5
stated in: BlackPast.org
-----------------------------
statement 1, reference 6
stated in: Women of Distinction: Remarkable in Works and Invincible in Character
-----------------------------",United States,"statement 1, reference 1
stated in: LIBRIS
Libris-URI: gdsw2z60073wctc
publication date: 2012-01-31
retrieved: 2018-08-24
-----------------------------
statement 1, reference 2
stated in: Library of Congress Name Authority File
Library of Congress authority ID: n50016726
retrieved: 2021-04-15
-----------------------------",,,poet|writer,"statement 1, reference 1
stated in: The Feminist Companion to Literature in English
page(s): 1155
-----------------------------
statement 1, reference 2
stated in: Encyclopædia Britannica Online
Encyclopædia Britannica Online ID: biography/Phillis-Wheatley
retrieved: 2021-04-15
-----------------------------
statement 1, reference 3
stated in: Library of Congress Name Authority File
Library of Congress authority ID: n50016726
retrieved: 2021-04-15
-----------------------------
statement 1, reference 4
stated in: Women poets in pre-Revolutionary America, 1650-1775 : an anthology
-----------------------------",poetry,,,,Boston,"statement 1, reference 1
reference URL: http://www.masshist.org/endofslavery/index.php?id=57
title: African Americans and the End of Slavery in Massachusetts
publisher: Massachusetts Historical Society
retrieved: 2021-04-15
-----------------------------
statement 1, qualifier 1
start time: 1761-07-11
-----------------------------","Poems on Various Subjects, Religious and Moral","statement 1, reference 1
stated in: The Feminist Companion to Literature in English
page(s): 1156
-----------------------------",,,,,,,,,"Stuart A. Rose Manuscript, Archives, and Rare Book Library|Library of Congress","statement 1, reference 1
reference URL: http://pid.emory.edu/ark:/25593/901bs
-----------------------------",,,,,,,"Appletons' Cyclopædia of American Biography|Dictionary of African Biography|Encyclopedia of African American Women Writers|Women of Distinction: Remarkable in Works and Invincible in Character|African American Authors, 1745-1945 (1st edition)|The Meridian Anthology of Early American Women Writers (1st edition)|Notable Black American Women|American Women Writers|A Cyclopaedia of Female Biography|Women poets in pre-Revolutionary America, 1650-1775 : an anthology|The Encyclopedia Americana|The American Cyclopædia|New International Encyclopedia|American women writers to 1800","statement 1, qualifier 1
section: Wheatley, Phillis
-----------------------------
statement 1, qualifier 2
statement is subject of: Appletons' Cyclopædia of American Biography/Wheatley, Phillis
-----------------------------
statement 2, qualifier 1
URL: https://www.oxfordreference.com/view/10.1093/acref/9780195382075.001.0001/acref-9780195382075-e-2131
-----------------------------
statement 3, reference 1
stated in: Encyclopedia of African American Women Writers
-----------------------------
statement 4, qualifier 1
statement is subject of: Wheatley, Phillis
-----------------------------
statement 5, qualifier 1
page(s): 463-468
-----------------------------
statement 6, qualifier 1
page(s): 198-199
-----------------------------
statement 9, qualifier 1
statement is subject of: Wheatley, Phillis
-----------------------------
statement 11, qualifier 1
statement is subject of: The Encyclopedia Americana (1920)/Wheatley, Phillis
-----------------------------
statement 12, qualifier 1
statement is subject of: The American Cyclopædia (1879)/Wheatley, Phillis
-----------------------------
statement 13, qualifier 1
statement is subject of: The New International Encyclopædia/Wheatley, Phillis
-----------------------------",,,,,,,,,,,,,,,,
1,Q274590,https://www.wikidata.org/entity/Q274590,Barbara Harris,American bishop (1930-2020),Barbara Clementine Harris,human,"statement 1, reference 1
imported from Wikimedia project: English Wikipedia
-----------------------------",,,Harris,,Barbara,,,,,,,,1930-06-12,"statement 1, reference 1
stated in: Encyclopædia Britannica Online
Encyclopædia Britannica Online ID: biography/Barbara-Clementine-Harris
subject named as: Barbara Clementine Harris
retrieved: 2017-10-09
-----------------------------
statement 1, reference 2
stated in: FemBio database
FemBio ID: 12660
subject named as: Barbara Clementine Harris
retrieved: 2017-10-09
-----------------------------",Philadelphia,"statement 1, reference 1
imported from Wikimedia project: English Wikipedia
-----------------------------",2020-03-13,"statement 1, reference 1
reference URL: https://www.episcopalnewsservice.org/2020/03/14/rip-the-rt-rev-barbara-c-harris-anglican-communions-first-female-bishop-dies-at-89/
title: RIP: The Rt. Rev. Barbara C. Harris, Anglican Communion’s first female bishop, dies at 89
-----------------------------",Lincoln,"statement 1, reference 1
retrieved: 2020-03-15
subject named as: Rt. Rev. Barbara C. Harris
title: RIP: The Rt. Rev. Barbara C. Harris, Anglican Communion’s first female bishop, dies at 89
reference URL: https://www.episcopalnewsservice.org/2020/03/14/rip-the-rt-rev-barbara-c-harris-anglican-communions-first-female-bishop-dies-at-89/
-----------------------------",,,female,"statement 1, reference 1
imported from Wikimedia project: German Wikipedia
-----------------------------",Americans|African Americans,"statement 1, reference 1
imported from Wikimedia project: English Wikipedia
Wikimedia import URL: https://en.wikipedia.org/w/index.php?title=Barbara_Harris_(bishop)&oldid=925133023
-----------------------------
statement 2, reference 1
stated in: Notable Black American Women
-----------------------------
statement 2, reference 2
stated in: BlackPast.org
-----------------------------
statement 2, reference 3
stated in: African-American Religious Leaders
-----------------------------",United States,,,,priest|religious leader,,,,Villanova University,,,,,,Elizabeth Blackwell Award,"statement 1, reference 1
reference URL: https://www.hws.edu/about/history/elizabeth-blackwell/award/default.aspx
-----------------------------
statement 1, qualifier 1
point in time: 2004
-----------------------------",,,Bishop of Massachusetts,,,,,,,,,,,,Notable Black American Women|African-American Religious Leaders,,,,,,,,,,,,,,,,,
2,Q371930,https://www.wikidata.org/entity/Q371930,Dorothy West,American writer (1907-1998),Mary Christopher,human,"statement 1, reference 1
stated in: BnF authorities
Bibliothèque nationale de France ID: 12505535j
retrieved: 2015-10-10
-----------------------------",,,West,,Dorothy,"statement 1, reference 1
imported from Wikimedia project: Italian Wikipedia
-----------------------------",,,Mary Christopher,"statement 1, reference 1
stated in: Library of Congress Authorities
Library of Congress authority ID: n82020079
retrieved: 2015-10-16
-----------------------------",,,1907-06-02,"statement 1, reference 1
stated in: BnF authorities
Bibliothèque nationale de France ID: 12505535j
retrieved: 2015-10-10
-----------------------------
statement 1, reference 2
stated in: Encyclopædia Britannica Online
reference URL: https://www.britannica.com/biography/Dorothy-West
Encyclopædia Britannica Online ID: biography/Dorothy-West
title: Dorothy West
-----------------------------
statement 1, reference 3
stated in: SNAC
SNAC ARK ID: w6fr0pvx
subject named as: Dorothy West
retrieved: 2017-10-09
-----------------------------
statement 1, reference 4
stated in: West, Dorothy (02 June 1907–16 August 1998), writer
subject named as: Dorothy West
retrieved: 2017-10-09
-----------------------------
statement 1, reference 5
stated in: Babelio
Babelio author ID: 42395
subject named as: Dorothy West
retrieved: 2017-10-09
-----------------------------
statement 1, reference 6
stated in: FemBio database
FemBio ID: 28640
subject named as: Dorothy West
retrieved: 2017-10-09
-----------------------------",Boston,"statement 1, reference 1
imported from Wikimedia project: Italian Wikipedia
-----------------------------
statement 1, reference 2
stated in: The Feminist Companion to Literature in English
page(s): 1150
-----------------------------",1998-08-16,"statement 1, reference 1
stated in: BnF authorities
Bibliothèque nationale de France ID: 12505535j
retrieved: 2015-10-10
-----------------------------
statement 1, reference 2
stated in: Encyclopædia Britannica Online
reference URL: https://www.britannica.com/biography/Dorothy-West
Encyclopædia Britannica Online ID: biography/Dorothy-West
title: Dorothy West
-----------------------------
statement 1, reference 3
stated in: SNAC
SNAC ARK ID: w6fr0pvx
subject named as: Dorothy West
retrieved: 2017-10-09
-----------------------------
statement 1, reference 4
stated in: West, Dorothy (02 June 1907–16 August 1998), writer
subject named as: Dorothy West
retrieved: 2017-10-09
-----------------------------
statement 1, reference 5
stated in: Babelio
Babelio author ID: 42395
subject named as: Dorothy West
retrieved: 2017-10-09
-----------------------------
statement 1, reference 6
stated in: FemBio database
FemBio ID: 28640
subject named as: Dorothy West
retrieved: 2017-10-09
-----------------------------",Boston,"statement 1, reference 1
imported from Wikimedia project: German Wikipedia
-----------------------------",,,female,"statement 1, reference 1
stated in: Virtual International Authority File
VIAF cluster ID: 79153789
retrieved: 2018-11-04
-----------------------------
statement 1, reference 2
stated in: BnF authorities
Bibliothèque nationale de France ID: 12505535j
retrieved: 2015-10-10
-----------------------------
statement 1, reference 3
stated in: Encyclopedia of African American Women Writers
-----------------------------",African Americans,"statement 1, reference 1
stated in: Encyclopedia of African American Women Writers
-----------------------------
statement 1, reference 2
stated in: Notable Black American Women
-----------------------------
statement 1, reference 3
stated in: BlackPast.org
-----------------------------",United States,"statement 1, reference 1
imported from Wikimedia project: Italian Wikipedia
-----------------------------",,,novelist|writer|journalist,"statement 1, reference 1
stated in: The Feminist Companion to Literature in English
page(s): 1150
-----------------------------
statement 1, reference 2
imported from Wikimedia project: English Wikipedia
-----------------------------
statement 2, reference 1
stated in: The Feminist Companion to Literature in English
page(s): 1150
-----------------------------
statement 2, reference 2
stated in: American Women Writers
-----------------------------
statement 3, reference 1
stated in: The Feminist Companion to Literature in English
page(s): 1150
-----------------------------",,,Columbia University|Boston University,"statement 1, reference 1
stated in: The Feminist Companion to Literature in English
page(s): 1150
-----------------------------
statement 2, reference 1
stated in: The Feminist Companion to Literature in English
page(s): 1150
-----------------------------",,,,,Anisfield-Wolf Book Awards,"statement 1, reference 1
reference URL: http://www.anisfield-wolf.org/books/lifetime-dorothy-west/
retrieved: 2015-10-16
-----------------------------
statement 1, qualifier 1
point in time: 1996
-----------------------------",,,,,,,Radcliffe Institute for Advanced Study|Schlesinger Library,"statement 1, reference 1
reference URL: http://oasis.lib.harvard.edu//oasis/deliver/deepLink?_collection=oasis&uniqueId=sch00297
retrieved: 2015-10-16
-----------------------------
statement 1, reference 2
reference URL: http://schlesinger.radcliffe.harvard.edu/onlinecollections/west/
retrieved: 2015-10-16
-----------------------------
statement 2, reference 1
reference URL: https://hollisarchives.lib.harvard.edu/repositories/8/resources/5101
-----------------------------",Black Women Oral History Project,,,,,,"Encyclopedia of African American Women Writers|Notable Black American Women|American Women Writers|American Women Writers, 1900-1945 : A Bio-Bibliographical Critical Sourcebook|Encyclopedia Africana","statement 1, reference 1
stated in: Encyclopedia of African American Women Writers
-----------------------------",,,,,,,,,,,,,,,,
3,Q466966,https://www.wikidata.org/entity/Q466966,Terri Lyne Carrington,American drummer (born 1965),,human,"statement 1, reference 1
stated in: BnF authorities
Bibliothèque nationale de France ID: 139337879
retrieved: 2015-10-10
-----------------------------",,,Carrington,,Terri,,,,,,,,1965-08-04,"statement 1, reference 1
stated in: Integrated Authority File
retrieved: 2014-04-29
-----------------------------
statement 1, reference 2
stated in: Discogs
Discogs artist ID: 275597
subject named as: Terri Lyne Carrington
retrieved: 2017-10-09
-----------------------------",Medford,"statement 1, reference 1
imported from Wikimedia project: Italian Wikipedia
-----------------------------
statement 1, reference 2
stated in: AllMusic
retrieved: 2019-11-18
-----------------------------",,,,,,,female,"statement 1, reference 1
stated in: BnF authorities
Bibliothèque nationale de France ID: 139337879
retrieved: 2015-10-10
-----------------------------
statement 1, reference 2
stated in: Integrated Authority File
GND ID: 134638514
retrieved: 2024-06-23
-----------------------------",,,United States,,,,music educator|jazz musician|drummer|singer|composer|music arranger|record producer,"statement 1, reference 1
reference URL: https://www.berklee.edu/faculty?id=1063&type=department&value=PR&skip=
-----------------------------
statement 3, reference 1
stated in: AllMusic
retrieved: 2019-11-18
-----------------------------
statement 5, reference 1
stated in: AllMusic
retrieved: 2019-11-18
-----------------------------
statement 6, reference 1
stated in: AllMusic
retrieved: 2019-11-18
-----------------------------
statement 7, reference 1
stated in: AllMusic
retrieved: 2019-11-18
-----------------------------",,,Berklee College of Music,"statement 1, reference 1
stated in: AllMusic
retrieved: 2019-11-18
-----------------------------",,,,,honorary doctor of the Berklee College of Music|Grammy Award for Best Jazz Vocal Album|Grammy Award for Best Jazz Instrumental Album|NEA Jazz Masters,"statement 1, reference 1
imported from Wikimedia project: English Wikipedia
-----------------------------
statement 1, qualifier 1
point in time: 2003
-----------------------------
statement 2, qualifier 1
point in time: 2011
-----------------------------
statement 2, qualifier 2
for work: The Mosaic Project
-----------------------------
statement 3, qualifier 1
point in time: 2013
-----------------------------",American Academy of Arts and Sciences,,,,,,,,,,,,,,Obálky knih,"statement 1, qualifier 1
URL: https://www.obalkyknih.cz/view_auth?auth_id=xx0100403
-----------------------------",,,,,,,,,,,,,,,,
4,Q512065,https://www.wikidata.org/entity/Q512065,Edmonia Lewis,African American sculptor (1844–1907),Wildfire Lewis|Wildfire|Mary Lewis,human,"statement 1, reference 1
imported from Wikimedia project: Russian Wikipedia
-----------------------------",,,Lewis,"statement 1, reference 1
stated in: Union List of Artist Names
Union List of Artist Names ID: 500128440
-----------------------------",Edmonia|Mary,"statement 1, reference 1
stated in: Union List of Artist Names
Union List of Artist Names ID: 500128440
-----------------------------
statement 1, qualifier 1
series ordinal: 2
-----------------------------
statement 2, reference 1
stated in: Union List of Artist Names
Union List of Artist Names ID: 500128440
-----------------------------
statement 2, qualifier 1
series ordinal: 1
-----------------------------",,,Wildfire,"statement 1, reference 1
stated in: Aware
AWARE ID: mary-edmonia-wildfire-lewis
retrieved: 2022-12-31
-----------------------------",,,1844-07-04|1845-07-04,"statement 1, reference 1
stated in: FemBio database
FemBio ID: 17498
subject named as: Edmonia Lewis
retrieved: 2017-10-09
-----------------------------
statement 1, reference 2
stated in: Encyclopædia Britannica Online
Encyclopædia Britannica Online ID: biography/Edmonia-Lewis
-----------------------------
statement 2, reference 1
stated in: BlackPast.org
BlackPast.org ID: african-american-history/lewis-edmonia-1845
author name string: Ashley Jones
publication date: 2008-04-15
retrieved: 2020-03-29
-----------------------------",Rensselaer County|Greenbush,"statement 1, reference 1
imported from Wikimedia project: German Wikipedia
-----------------------------
statement 2, reference 1
stated in: Encyclopædia Britannica Online
Encyclopædia Britannica Online ID: biography/Edmonia-Lewis
-----------------------------
statement 2, qualifier 1
reason for preferred rank: most precise value
-----------------------------",1907-09-17,"statement 1, reference 1
stated in: Encyclopædia Britannica Online
Encyclopædia Britannica Online ID: biography/Edmonia-Lewis
subject named as: Edmonia Lewis
retrieved: 2017-10-09
-----------------------------
statement 1, reference 2
stated in: FemBio database
FemBio ID: 17498
subject named as: Edmonia Lewis
retrieved: 2017-10-09
-----------------------------
statement 1, reference 3
stated in: BlackPast.org
BlackPast.org ID: african-american-history/lewis-edmonia-1845
author name string: Ashley Jones
publication date: 2008-04-15
retrieved: 2020-03-29
-----------------------------",London|Hammersmith,"statement 1, reference 1
stated in: BlackPast.org
BlackPast.org ID: african-american-history/lewis-edmonia-1845
author name string: Ashley Jones
publication date: 2008-04-15
retrieved: 2020-03-29
-----------------------------
statement 1, reference 2
stated in: Smithsonian American Art Museum person/institution ID
Smithsonian American Art Museum person/institution ID: 2914
-----------------------------
statement 1, reference 3
stated in: Encyclopædia Britannica Online
Encyclopædia Britannica Online ID: blackhistory/article-9002985
-----------------------------
statement 1, reference 4
stated in: Encyclopædia Britannica Online
Encyclopædia Britannica Online ID: biography/Edmonia-Lewis
-----------------------------
statement 2, reference 1
reference URL: http://www.artfixdaily.com/blogs/post/51-sculptors-death-unearthed-edmonia-lewis-died-in-london-in-1907
-----------------------------","St Mary's Catholic Cemetery, Kensal Green",,female,"statement 1, reference 1
stated in: RKDartists
RKDartists ID: 123202
retrieved: 2017-08-27
-----------------------------
statement 1, reference 2
stated in: Union List of Artist Names
Union List of Artist Names ID: 500128440
-----------------------------",African Americans|Ojibwe,"statement 1, reference 1
stated in: Smithsonian American Art Museum person/institution ID
Smithsonian American Art Museum person/institution ID: 2914
-----------------------------
statement 1, reference 2
stated in: Notable Black American Women
-----------------------------
statement 1, reference 3
stated in: Union List of Artist Names
reference URL: http://vocab.getty.edu/ulan/500128440
retrieved: 2021-09-10
Union List of Artist Names ID: 500128440
-----------------------------
statement 1, reference 4
stated in: BlackPast.org
-----------------------------
statement 1, reference 5
stated in: Women of Distinction: Remarkable in Works and Invincible in Character
-----------------------------
statement 1, reference 6
stated in: St. James Guide to Black Artists
-----------------------------
statement 2, reference 1
reference URL: https://beta.prx.org/stories/301903
retrieved: 2022-11-02
-----------------------------",United States,"statement 1, reference 1
imported from Wikimedia project: German Wikipedia
-----------------------------",,,sculptor|artist,"statement 1, reference 1
stated in: Union List of Artist Names
Union List of Artist Names ID: 500128440
publication date: 2013-04-17
retrieved: 2019-05-14
-----------------------------
statement 2, reference 1
stated in: Concise Dictionary of Women Artists
-----------------------------
statement 2, reference 2
stated in: American Women Artists, Past and Present: A Selected Bibliographic Guide
-----------------------------",art of sculpture,"statement 1, reference 1
imported from Wikimedia project: English Wikipedia
Wikimedia import URL: https://en.wikipedia.org/w/index.php?title=Edmonia_Lewis&oldid=932929216
-----------------------------",Oberlin College|Oberlin Academy,"statement 1, reference 1
stated in: Smithsonian American Art Museum person/institution ID
Smithsonian American Art Museum person/institution ID: 2914
retrieved: 2020-07-16
-----------------------------
statement 2, reference 1
imported from Wikimedia project: English Wikipedia
Wikimedia import URL: https://en.wikipedia.org/w/index.php?title=Oberlin_Academy&oldid=998311579
retrieved: 2021-03-04
-----------------------------",United States|Italy,,Hiawatha and Minnehaha|The Death of Cleopatra,,,,,,,,,,,,,,,,,,"Broad Strokes|Women of Distinction: Remarkable in Works and Invincible in Character|Notable Black American Women|National Gallery of Art Library Vertical Files|St. James Guide to Black Artists|American Women Sculptors: a history of women working in three dimensions|Women in the fine arts, from the seventh century B.C. to the twentieth century A.D.|Concise Dictionary of Women Artists|American Women Artists, Past and Present: A Selected Bibliographic Guide|The Encyclopedia Americana","statement 2, qualifier 1
statement is subject of: Lewis, Edmonia
-----------------------------
statement 5, reference 1
reference URL: https://link.gale.com/apps/doc/K1635000216/BIC?u=nypl&sid=bookmark-BIC&xid=5c0dc608
-----------------------------
statement 5, qualifier 1
subject named as: (Mary) Edmonia Lewis
-----------------------------
statement 10, qualifier 1
statement is subject of: The Encyclopedia Americana (1920)/Lewis, Edmonia
-----------------------------",,,,,,,,,,,,,,,,
5,Q520522,https://www.wikidata.org/entity/Q520522,Florence Price,American composer (1887-1953),Florence Beatrice Price|Florence Beatrice Smith|Florence Smith|Florence B. Price|Florence B. Price Smith,human,"statement 1, reference 1
stated in: BnF authorities
Bibliothèque nationale de France ID: 148502987
retrieved: 2015-10-10
-----------------------------",,,Smith|Price,"statement 1, reference 1
stated in: Library of Congress Authorities
Library of Congress authority ID: n87139541
retrieved: 2022-04-13
-----------------------------
statement 1, reference 2
stated in: Grove Music Online
DOI: 10.1093/OMO/9781561592630.013.90000367402
retrieved: 2021-06-10
-----------------------------
statement 1, qualifier 1
object of statement has role: maiden name
-----------------------------
statement 2, reference 1
stated in: Library of Congress Authorities
Library of Congress authority ID: n87139541
retrieved: 2022-04-13
-----------------------------
statement 2, qualifier 1
object of statement has role: married name
-----------------------------",Florence|Beatrice,"statement 1, reference 1
stated in: Library of Congress Authorities
Library of Congress authority ID: n87139541
subject named as: Florence Price
retrieved: 2021-06-10
-----------------------------
statement 1, reference 2
stated in: Grove Music Online
DOI: 10.1093/OMO/9781561592630.013.90000367402
retrieved: 2021-06-10
-----------------------------
statement 1, qualifier 1
series ordinal: 1
-----------------------------
statement 2, reference 1
stated in: Library of Congress Authorities
Library of Congress authority ID: n87139541
subject named as: Florence Price
retrieved: 2021-06-10
-----------------------------
statement 2, reference 2
stated in: Grove Music Online
DOI: 10.1093/OMO/9781561592630.013.90000367402
retrieved: 2021-06-10
-----------------------------
statement 2, qualifier 1
series ordinal: 2
-----------------------------",,,,,,,1887-04-09,"statement 1, reference 1
stated in: Integrated Authority File
retrieved: 2014-05-02
-----------------------------
statement 1, reference 2
stated in: BnF authorities
Bibliothèque nationale de France ID: 148502987
retrieved: 2015-10-10
-----------------------------
statement 1, reference 3
stated in: SNAC
SNAC ARK ID: w6tt4rbn
subject named as: Florence Price
retrieved: 2017-10-09
-----------------------------
statement 1, reference 4
stated in: International Music Score Library Project
IMSLP ID: Category:Price,_Florence
subject named as: Florence Price
retrieved: 2017-10-09
-----------------------------
statement 1, reference 5
stated in: FemBio database
FemBio ID: 22463
subject named as: Florence Price
retrieved: 2017-10-09
-----------------------------
statement 1, reference 6
stated in: Musicalics
Musicalics composer ID: 485708
subject named as: Florence Beatrice Price
-----------------------------
statement 1, reference 7
stated in: Library of Congress Authorities
Library of Congress authority ID: n87139541
subject named as: Florence Price
retrieved: 2021-06-10
-----------------------------
statement 1, reference 8
stated in: Grove Music Online
DOI: 10.1093/OMO/9781561592630.013.90000367402
retrieved: 2021-06-10
-----------------------------",Little Rock,"statement 1, reference 1
stated in: Présence Compositrices
Présence Compositrices composer ID: price-florence
-----------------------------
statement 1, reference 2
stated in: Library of Congress Authorities
Library of Congress authority ID: n87139541
subject named as: Florence Price
retrieved: 2021-06-10
-----------------------------
statement 1, reference 3
stated in: Grove Music Online
DOI: 10.1093/OMO/9781561592630.013.90000367402
retrieved: 2021-06-10
-----------------------------
statement 1, reference 4
stated in: Biographical Dictionary of Afro-American and African Musicians
-----------------------------",1953-06-03,"statement 1, reference 1
stated in: Integrated Authority File
retrieved: 2014-05-02
-----------------------------
statement 1, reference 2
stated in: BnF authorities
Bibliothèque nationale de France ID: 148502987
retrieved: 2015-10-10
-----------------------------
statement 1, reference 3
stated in: SNAC
SNAC ARK ID: w6tt4rbn
subject named as: Florence Price
retrieved: 2017-10-09
-----------------------------
statement 1, reference 4
stated in: International Music Score Library Project
IMSLP ID: Category:Price,_Florence
subject named as: Florence Price
retrieved: 2017-10-09
-----------------------------
statement 1, reference 5
stated in: FemBio database
FemBio ID: 22463
subject named as: Florence Price
retrieved: 2017-10-09
-----------------------------
statement 1, reference 6
stated in: Musicalics
Musicalics composer ID: 485708
subject named as: Florence Beatrice Price
-----------------------------
statement 1, reference 7
stated in: Library of Congress Authorities
Library of Congress authority ID: n87139541
subject named as: Florence Price
retrieved: 2021-06-10
-----------------------------
statement 1, reference 8
stated in: Grove Music Online
DOI: 10.1093/OMO/9781561592630.013.90000367402
retrieved: 2021-06-10
-----------------------------",Chicago,"statement 1, reference 1
stated in: Présence Compositrices
Présence Compositrices composer ID: price-florence
-----------------------------
statement 1, reference 2
stated in: Library of Congress Authorities
Library of Congress authority ID: n87139541
subject named as: Florence Price
retrieved: 2021-06-10
-----------------------------
statement 1, reference 3
stated in: Grove Music Online
DOI: 10.1093/OMO/9781561592630.013.90000367402
retrieved: 2021-06-10
-----------------------------",Lincoln Cemetery,"statement 1, reference 1
stated in: Find a Grave
Find a Grave memorial ID: 46114770
reference URL: https://www.findagrave.com/memorial/46114770/florence-beatrice-price
retrieved: 2021-05-20
-----------------------------",female,"statement 1, reference 1
stated in: Virtual International Authority File
VIAF cluster ID: 59352676
retrieved: 2018-11-04
-----------------------------
statement 1, reference 2
stated in: BnF authorities
Bibliothèque nationale de France ID: 148502987
retrieved: 2015-10-10
-----------------------------",African Americans,"statement 1, reference 1
stated in: Notable Black American Women
-----------------------------
statement 1, reference 2
stated in: Library of Congress Authorities
Library of Congress authority ID: n87139541
subject named as: Florence Price
retrieved: 2021-06-10
-----------------------------
statement 1, reference 3
stated in: Grove Music Online
DOI: 10.1093/OMO/9781561592630.013.90000367402
retrieved: 2021-06-10
-----------------------------
statement 1, reference 4
stated in: BlackPast.org
-----------------------------
statement 1, reference 5
stated in: Biographical Dictionary of Afro-American and African Musicians
-----------------------------",United States,"statement 1, reference 1
stated in: Library of Congress Authorities
Library of Congress authority ID: n87139541
retrieved: 2022-04-13
-----------------------------",,,composer|music educator|classical pianist,"statement 1, reference 1
reference URL: https://www.aso.org/composer/detail/florence-price
retrieved: 2021-05-20
-----------------------------
statement 1, reference 2
stated in: Library of Congress Authorities
Library of Congress authority ID: n87139541
subject named as: Florence Price
retrieved: 2021-06-10
-----------------------------
statement 1, reference 3
stated in: Grove Music Online
DOI: 10.1093/OMO/9781561592630.013.90000367402
retrieved: 2021-06-10
-----------------------------
statement 2, reference 1
reference URL: https://www.aso.org/composer/detail/florence-price
retrieved: 2021-05-20
-----------------------------
statement 2, reference 2
stated in: Library of Congress Authorities
Library of Congress authority ID: n87139541
subject named as: Florence Price
retrieved: 2021-06-10
-----------------------------
statement 2, reference 3
stated in: Grove Music Online
DOI: 10.1093/OMO/9781561592630.013.90000367402
retrieved: 2021-06-10
-----------------------------
statement 3, reference 1
reference URL: https://www.aso.org/composer/detail/florence-price
retrieved: 2021-05-20
-----------------------------
statement 3, reference 2
stated in: Library of Congress Authorities
Library of Congress authority ID: n87139541
subject named as: Florence Price
retrieved: 2021-06-10
-----------------------------",,,University of Chicago|New England Conservatory|American Conservatory of Music|Chicago Musical College,"statement 2, reference 1
stated in: Grove Music Online
DOI: 10.1093/OMO/9781561592630.013.90000367402
retrieved: 2021-06-10
-----------------------------
statement 2, qualifier 1
start time: 1903
-----------------------------
statement 2, qualifier 2
end time: 1906
-----------------------------
statement 3, reference 1
stated in: Grove Music Online
DOI: 10.1093/OMO/9781561592630.013.90000367402
retrieved: 2021-06-10
-----------------------------
statement 4, reference 1
stated in: Grove Music Online
DOI: 10.1093/OMO/9781561592630.013.90000367402
retrieved: 2021-06-10
-----------------------------",,,,,Arkansas Women's Hall of Fame,"statement 1, reference 1
reference URL: https://www.arwomenshalloffame.com/new-gallery-3/
-----------------------------
statement 1, qualifier 1
point in time: 2018
-----------------------------",,,,,,,Library of Congress Music Division,"statement 1, reference 1
reference URL: https://hdl.loc.gov/loc.music/eadmus.mu021056
-----------------------------",,,,,,,Notable Black American Women|Biographical Dictionary of Afro-American and African Musicians,,,,,,,,,,,,,,,,,
6,Q944063,https://www.wikidata.org/entity/Q944063,Harriet Jacobs,"American slave, writer, and abolitionist (1815-1897)",Harriet Ann Jacobs|Harriet A. Jacobs|Linda Brent,human,"statement 1, reference 1
stated in: datos.bne.es
retrieved: 2024-02-25
National Library of Spain SpMaBN ID (BNE v1.0): XX1057839
-----------------------------",,,Jacobs,,Harriet,"statement 1, qualifier 1
series ordinal: 1
-----------------------------",,,Linda Brent,"statement 1, reference 1
reference URL: http://www.nytimes.com/2004/07/11/books/review/11REYNOLD.html
retrieved: 2015-09-25
-----------------------------
statement 1, reference 2
stated in: Czech National Authority Database
NL CR AUT ID: jn20011019091
retrieved: 2020-08-30
-----------------------------",,,1813|1815-02-11,"statement 1, reference 1
imported from Wikimedia project: English Wikipedia
-----------------------------
statement 1, reference 2
ISBN-10: 0-465-09288-8
-----------------------------
statement 2, reference 1
stated in: Find a Grave
Find a Grave memorial ID: 16338196
-----------------------------
statement 2, reference 2
stated in: BlackPast.org
title: Dating Harriet Jacobs: Why Birthdates Matter to Historians
author name string: Mary Maillard
publication date: 2013-06-17
reference URL: https://www.blackpast.org/african-american-history/dating-harriet-jacobs-why-birthdates-matter-historians/
-----------------------------
statement 2, qualifier 1
reason for preferred rank: most precise value
-----------------------------",Edenton,"statement 1, reference 1
imported from Wikimedia project: English Wikipedia
-----------------------------
statement 1, reference 2
reference URL: http://www.nytimes.com/2004/07/11/books/review/11REYNOLD.html
retrieved: 2015-09-25
-----------------------------",1897-03-07,"statement 1, reference 1
stated in: Encyclopædia Britannica Online
Encyclopædia Britannica Online ID: biography/Harriet-A-Jacobs
subject named as: Harriet Jacobs
retrieved: 2017-10-09
-----------------------------
statement 1, reference 2
stated in: SNAC
SNAC ARK ID: w6sq9mfw
subject named as: Harriet Ann Jacobs
retrieved: 2017-10-09
-----------------------------
statement 1, reference 3
stated in: NCpedia
NCpedia ID: biography/jacobs-harriet
subject named as: Harriet Jacobs
retrieved: 2017-10-09
-----------------------------
statement 1, reference 4
stated in: FemBio database
FemBio ID: 14450
subject named as: Harriet Jacobs
retrieved: 2017-10-09
-----------------------------
statement 1, reference 5
stated in: Babelio
Babelio author ID: 173979
subject named as: Harriet Ann Jacobs
-----------------------------","Washington, D.C.","statement 1, reference 1
imported from Wikimedia project: Italian Wikipedia
-----------------------------",Mount Auburn Cemetery,,female,"statement 1, reference 1
imported from Wikimedia project: English Wikipedia
-----------------------------
statement 1, reference 2
imported from Wikimedia project: Italian Wikipedia
-----------------------------
statement 1, reference 3
stated in: Encyclopedia of African American Women Writers
-----------------------------",African Americans,"statement 1, reference 1
ISBN-10: 0-465-09288-8
-----------------------------
statement 1, reference 2
imported from Wikimedia project: English Wikipedia
-----------------------------
statement 1, reference 3
stated in: Encyclopedia of African American Women Writers
-----------------------------
statement 1, reference 4
stated in: Notable Black American Women
-----------------------------
statement 1, reference 5
stated in: BlackPast.org
-----------------------------",United States,"statement 1, reference 1
imported from Wikimedia project: Italian Wikipedia
-----------------------------",,,nanny|writer|autobiographer,"statement 1, reference 1
imported from Wikimedia project: English Wikipedia
-----------------------------
statement 2, reference 1
stated in: American Women Writers
-----------------------------
statement 3, reference 1
inferred from: Category:American autobiographers
retrieved: 2019-06-14
imported from Wikimedia project: French Wikipedia
-----------------------------",,,,,,,Incidents in the Life of a Slave Girl,"statement 1, reference 1
imported from Wikimedia project: English Wikipedia
-----------------------------",,,,,,,,,,,,,,,,,"Encyclopedia of African American Women Writers|African American Authors, 1745-1945 (1st edition)|The Meridian Anthology of Early American Women Writers (1st edition)|Notable Black American Women|American Women Writers","statement 1, reference 1
stated in: Encyclopedia of African American Women Writers
-----------------------------
statement 2, qualifier 1
page(s): 275-279
-----------------------------
statement 3, qualifier 1
page(s): 449-450
-----------------------------",,,,,,,,,Louisa Matilda Jacobs,,,,,,John Swanson Jacobs,
7,Q3375368,https://www.wikidata.org/entity/Q3375368,Elizabeth Freeman,American former slave and abolitionist,,human,"statement 1, reference 1
imported from Wikimedia project: English Wikipedia
-----------------------------",,,Freeman,,Elizabeth,,,,,,,,1744,"statement 1, reference 1
stated in: SNAC
SNAC ARK ID: w6w98rj9
retrieved: 2020-09-13
-----------------------------
statement 1, reference 2
stated in: Library of Congress
Library of Congress authority ID: n95047321
retrieved: 2020-09-13
-----------------------------
statement 1, qualifier 1
sourcing circumstances: circa
-----------------------------",Claverack,"statement 1, reference 1
imported from Wikimedia project: English Wikipedia
-----------------------------",1829-12-28,"statement 1, reference 1
stated in: SNAC
SNAC ARK ID: w6w98rj9
subject named as: Elizabeth Freeman
retrieved: 2017-10-09
-----------------------------
statement 1, reference 2
stated in: Library of Congress
Library of Congress authority ID: n95047321
retrieved: 2020-09-13
-----------------------------
statement 1, reference 3
stated in: Find a Grave
Find a Grave memorial ID: 16476373
subject named as: Elizabeth Freeman
-----------------------------",Stockbridge,"statement 1, reference 1
imported from Wikimedia project: English Wikipedia
-----------------------------",,,female,"statement 1, reference 1
imported from Wikimedia project: German Wikipedia
-----------------------------",African Americans,"statement 1, reference 1
stated in: Notable Black American Women
-----------------------------
statement 1, reference 2
stated in: BlackPast.org
-----------------------------",United States,,,,midwife,,,,,,,,,,,,,,,,,,,,,,,,,,Notable Black American Women,,,,,,,,,,,,,,,,,
8,Q3381321,https://www.wikidata.org/entity/Q3381321,Lucy Terry,"African American writer, poet",Luce Bijah|Lucy Terry Prince,human,"statement 1, reference 1
imported from Wikimedia project: English Wikipedia
-----------------------------",,,Terry,,Lucy,,,,,,,,1730-01-01,"statement 1, reference 1
stated in: The Feminist Companion to Literature in English
page(s): 1064
-----------------------------
statement 1, reference 2
stated in: SNAC
SNAC ARK ID: w6xs6kxj
subject named as: Lucy Terry
retrieved: 2017-10-09
-----------------------------
statement 1, reference 3
stated in: Terry, Lucy (1730-1821), poet
subject named as: Lucy Terry
retrieved: 2017-10-09
-----------------------------",Africa,"statement 1, reference 1
stated in: African American Authors, 1745-1945 (1st edition)
page(s): 384
-----------------------------",1821-07-11,"statement 1, reference 1
stated in: SNAC
SNAC ARK ID: w6xs6kxj
subject named as: Lucy Terry
retrieved: 2017-10-09
-----------------------------",Sunderland,"statement 1, reference 1
imported from Wikimedia project: English Wikipedia
-----------------------------",,,female,"statement 1, reference 1
imported from Wikimedia project: English Wikipedia
-----------------------------
statement 1, reference 2
stated in: Encyclopedia of African American Women Writers
-----------------------------",African Americans,"statement 1, reference 1
stated in: Encyclopedia of African American Women Writers
-----------------------------
statement 1, reference 2
stated in: Notable Black American Women
-----------------------------
statement 1, reference 3
stated in: BlackPast.org
-----------------------------",United States,,,,writer|poet,"statement 2, reference 1
stated in: Women poets in pre-Revolutionary America, 1650-1775 : an anthology
-----------------------------",,,,,Sunderland,,,,,,,,,,,,Schomburg Center for Research in Black Culture,"statement 1, reference 1
reference URL: https://archives.nypl.org/scm/20943
retrieved: 2024-07-23
-----------------------------
statement 1, qualifier 1
collection: Manuscripts, Archives and Rare Books Division
-----------------------------
statement 1, qualifier 2
-----------------------------
statement 1, qualifier 3
inventory number: Sc MG 28
-----------------------------
statement 1, qualifier 4
described at URL: https://archives.nypl.org/scm/20943
-----------------------------",,,,,,,"Encyclopedia of African American Women Writers|African American Authors, 1745-1945 (1st edition)|Notable Black American Women|Women poets in pre-Revolutionary America, 1650-1775 : an anthology|American women writers to 1800","statement 1, reference 1
stated in: Encyclopedia of African American Women Writers
-----------------------------
statement 2, qualifier 1
page(s): 384-386
-----------------------------",,,,,,,,,,,,,,,,
9,Q3634688,https://www.wikidata.org/entity/Q3634688,Barbara Smith,American activist and academic (born 1946),,human,"statement 1, reference 1
imported from Wikimedia project: English Wikipedia
-----------------------------",,,Smith,,Barbara,"statement 1, reference 1
imported from Wikimedia project: Italian Wikipedia
-----------------------------",,,,,,,1946-12-16,"statement 1, reference 1
imported from Wikimedia project: English Wikipedia
-----------------------------",Cleveland,"statement 1, reference 1
imported from Wikimedia project: Italian Wikipedia
-----------------------------
statement 1, reference 2
reference URL: http://www.smith.edu/libraries/libs/ssc/vof/transcripts/Smith.pdf
retrieved: 2017-03-12
-----------------------------",,,,,,,female,"statement 1, reference 1
imported from Wikimedia project: Italian Wikipedia
-----------------------------",,,United States,"statement 1, reference 1
imported from Wikimedia project: Italian Wikipedia
-----------------------------",,,writer|politician,,,,Mount Holyoke College,"statement 1, reference 1
reference URL: http://www.smith.edu/libraries/libs/ssc/vof/transcripts/Smith.pdf
retrieved: 2017-03-12
-----------------------------",,,,,Judy Grahn Award,"statement 1, reference 1
reference URL: http://www.publishingtriangle.org/awards.asp#Judy
retrieved: 2017-03-12
-----------------------------
statement 1, qualifier 1
point in time: 2015
-----------------------------",,,,,,,,,,,,,,,,,,,,,,,,,,,,,,,Beverly Smith,"statement 1, qualifier 1
kinship to subject: twin
-----------------------------"
